"Metodo","RMSE"
"Linear",0.00973587457024832
"Spline",0.0135812613474915
"Média",0.233768717737353
"Mediana",0.254329676076823
"Bayesiano",0.277682852620558
